{"data":{"packages":{"365b20e8f6c343df1eff65214a0e3e74":[{"content":{"byteoversea.com":[{"pattern":"^https?:\\/\\/([0-9A-Za-z_\\-]+\\.)?byteoversea\\.com\\/ee\\/sce","group":"private","included_methods":[],"excluded_methods":[]},{"pattern":"^https?:\\/\\/([0-9A-Za-z_\\-]+\\.)?byteoversea\\.com\\/view","group":"private","included_methods":[],"excluded_methods":[]},{"pattern":"^https?:\\/\\/any\\.byteoversea\\.com\\/","group":"private","included_methods":[],"excluded_methods":[]},{"pattern":"^https?:\\/\\/wj\\.byteoversea\\.com\\/q","group":"public","included_methods":["apiParam","userInfo"],"excluded_methods":[]}],"capcut.net":[{"pattern":"^https?:\\/\\/([0-9A-Za-z_\\-]+\\.)?capcut\\.net\\/","group":"private","included_methods":[],"excluded_methods":[]}],"faceueditor.com":[{"pattern":"^https?:\\/\\/([0-9A-Za-z_\\-]+\\.)?faceueditor\\.com\\/","group":"private","included_methods":[],"excluded_methods":[]}],"ibytedtos.com":[{"pattern":"^https?:\\/\\/sf16-scmcdn-sg\\.ibytedtos\\.com\\/goofy\\/clueapp","group":"private","included_methods":[],"excluded_methods":[]},{"pattern":"^https?:\\/\\/([0-9A-Za-z_\\-]+\\.)?sf16-scmcdn-va\\.ibytedtos\\.com\\/goofy\\/adstyle_app_card_i18n","group":"private","included_methods":[],"excluded_methods":[]},{"pattern":"^https?:\\/\\/([0-9A-Za-z_\\-]+\\.)?sf16-muse-va\\.ibytedtos\\.com\\/obj\\/union-fe-i18n\\/playable","group":"private","included_methods":[],"excluded_methods":[]},{"pattern":"^https?:\\/\\/([0-9A-Za-z_\\-]+\\.)?sf-tk-sg\\.ibytedtos\\.com\\/obj\\/union-fe-sg\\/playable","group":"public","included_methods":["adInfo","appInfo","openSchema","openBrowser","getWebViewInfo","preload_app_ad","subscribe_app_ad","download_app_ad","openLightLandingPage","open_app_store","openLiveRoom","openAdLandPageLinks","download_click","popGesture"],"excluded_methods":[]},{"pattern":"^https?:\\/\\/sf16-scmcdn-sg\\.ibytedtos\\.com\\/goofy\\/adstyle_app_card_i18n","group":"private","included_methods":[],"excluded_methods":[]},{"pattern":"^https?:\\/\\/sf16-scmcdn-sg\\.ibytedtos\\.com\\/goofy\\/styleac_i18n","group":"private","included_methods":[],"excluded_methods":[]},{"pattern":"^https?:\\/\\/sf16-scmcdn-sg\\.ibytedtos\\.com\\/goofy\\/htc_mpage","group":"private","included_methods":[],"excluded_methods":[]},{"pattern":"^https?:\\/\\/sf16-scmcdn-sg\\.ibytedtos\\.com\\/goofy\\/ies\\/grace","group":"private","included_methods":[],"excluded_methods":[]},{"pattern":"^https?:\\/\\/sf16-scmcdn-va\\.ibytedtos\\.com\\/goofy\\/htc_mpage","group":"private","included_methods":[],"excluded_methods":[]},{"pattern":"^https?:\\/\\/sf16-scmcdn-sg\\.ibytedtos\\.com\\/goofy\\/dj\\/h5","group":"private","included_methods":[],"excluded_methods":[]},{"pattern":"^https?:\\/\\/sf16-scmcdn-va\\.ibytedtos\\.com\\/goofy\\/dj\\/h5","group":"private","included_methods":[],"excluded_methods":[]},{"pattern":"^https?:\\/\\/sf16-scmcdn-sg\\.ibytedtos\\.com\\/goofy\\/ies\\/resource","group":"private","included_methods":[],"excluded_methods":[]},{"pattern":"^https?:\\/\\/sf16-scmcdn-va\\.ibytedtos\\.com\\/goofy\\/ies\\/resource","group":"private","included_methods":[],"excluded_methods":[]},{"pattern":"^https?:\\/\\/sf16-scmcdn-sg\\.ibytedtos\\.com\\/obj\\/static-sg\\/promotion_activities","group":"public","included_methods":["x.open","x.getSettings","x.reportAppLog"],"excluded_methods":[]},{"pattern":"^https?:\\/\\/sf16-scmcdn-va\\.ibytedtos\\.com\\/obj\\/static-us\\/promotion_activities","group":"public","included_methods":["x.open","x.reportAppLog","x.getSettings"],"excluded_methods":[]},{"pattern":"^https?:\\/\\/sf16-scmcdn-va\\.ibytedtos\\.com\\/obj\\/static-us\\/promotion_activities\\/new-year\\/index\\.html","group":"private","included_methods":[],"excluded_methods":[]},{"pattern":"^https?:\\/\\/sf16-scmcdn-sg\\.ibytedtos\\.com\\/obj\\/static-sg\\/promotion_activities\\/new-year\\/index\\.html","group":"private","included_methods":[],"excluded_methods":[]}],"immers.page":[{"pattern":"^https?:\\/\\/va\\.immers\\.page\\/","group":"private","included_methods":["openHybrid"],"excluded_methods":[]},{"pattern":"^https?:\\/\\/sg\\.immers\\.page\\/","group":"private","included_methods":["openHybrid"],"excluded_methods":[]}],"ipstatp.com":[{"pattern":"^https?:\\/\\/([0-9A-Za-z_\\-]+\\.)?s16\\.ipstatp\\.com\\/","group":"private","included_methods":[],"excluded_methods":[]}],"isnssdk.com":[{"pattern":"^https?:\\/\\/([0-9A-Za-z_\\-]+\\.)?f-p-va\\.isnssdk\\.com\\/","group":"private","included_methods":[],"excluded_methods":[]},{"pattern":"^https?:\\/\\/([0-9A-Za-z_\\-]+\\.)?isnssdk\\.com\\/","group":"private","included_methods":[],"excluded_methods":[]},{"pattern":"^https?:\\/\\/survey\\.isnssdk\\.com\\/q","group":"public","included_methods":["userInfo","apiParam"],"excluded_methods":[]}],"sgsnssdk.com":[{"pattern":"^https?:\\/\\/([0-9A-Za-z_\\-]+\\.)?f-p\\.sgsnssdk\\.com\\/","group":"private","included_methods":[],"excluded_methods":[]},{"pattern":"^https?:\\/\\/([0-9A-Za-z_\\-]+\\.)?sgsnssdk\\.com\\/","group":"private","included_methods":[],"excluded_methods":[]}],"snapsolve.com":[{"pattern":"^https?:\\/\\/courses\\.snapsolve\\.com\\/","group":"private","included_methods":[],"excluded_methods":[]}],"tiktok.com":[{"pattern":"^https?:\\/\\/([0-9A-Za-z_\\-]+\\.)?tiktok\\.com\\/","group":"private","included_methods":[],"excluded_methods":[]},{"pattern":"^https?:\\/\\/www\\.in\\.tiktok\\.com\\/","group":"private","included_methods":[],"excluded_methods":[]},{"pattern":"^https?:\\/\\/www\\.tiktok\\.com\\/falcon\\/e_commerce\\/h5\\/","group":"private","included_methods":["fetch","openSingletonSchema"],"excluded_methods":[]},{"pattern":"^https?:\\/\\/survey\\.tiktok\\.com\\/q","group":"public","included_methods":["userInfo","apiParam"],"excluded_methods":[]},{"pattern":"^https?:\\/\\/business\\.tiktok\\.com\\/mobile\\/","group":"public","included_methods":["x.showModal"],"excluded_methods":[]},{"pattern":"^https?:\\/\\/activity\\.us\\.tiktok\\.com\\/magic\\/eco\\/","group":"public","included_methods":["fetch","sendLogV3","close","openSchema","share","x.getUserInfo","login","loginFromH5","x.getAppInfo","openHybrid","appInfo","openRecord","open_poi_map","userInfo","x.login","openAweme"],"excluded_methods":[]}],"tiktokcdn.com":[{"pattern":"^https?:\\/\\/s16a\\.tiktokcdn\\.com\\/","group":"private","included_methods":[],"excluded_methods":[]},{"pattern":"^https?:\\/\\/sf16-va\\.tiktokcdn\\.com\\/obj\\/eden-va2\\/skseh7upsnuvkps\\/","group":"private","included_methods":[],"excluded_methods":[]},{"pattern":"^https?:\\/\\/lf19-gecko-source\\.tiktokcdn\\.com\\/obj\\/byte-gurd-source-sg","group":"public","included_methods":["x.reportAppLog","x.getSettings","x.open","share","open_short_video","calendarOperation"],"excluded_methods":[]}],"tiktokv.com":[{"pattern":"^https?:\\/\\/([0-9A-Za-z_\\-]+\\.)?tiktokv\\.com\\/","group":"private","included_methods":[],"excluded_methods":[]},{"pattern":"^https?:\\/\\/fp\\.us\\.tiktokv\\.com\\/","group":"private","included_methods":[],"excluded_methods":[]},{"pattern":"^https?:\\/\\/([0-9A-Za-z_\\-]+\\.)?us\\.tiktokv\\.com\\/odetain_back\\/v2\\/index","group":"private","included_methods":[],"excluded_methods":[]},{"pattern":"^https?:\\/\\/([0-9A-Za-z_\\-]+\\.)?us\\.tiktokv\\.com\\/mpay","group":"private","included_methods":[],"excluded_methods":[]},{"pattern":"^https?:\\/\\/([0-9A-Za-z_\\-]+\\.)?us\\.tiktokv\\.com\\/passport","group":"private","included_methods":[],"excluded_methods":[]},{"pattern":"^https?:\\/\\/([0-9A-Za-z_\\-]+\\.)?us\\.tiktokv\\.com\\/ucenter_web","group":"private","included_methods":[],"excluded_methods":[]},{"pattern":"^https?:\\/\\/([0-9A-Za-z_\\-]+\\.)?us\\.tiktokv\\.com\\/falcon","group":"public","included_methods":["x.getSettings","share","openLiveRoom","openRecord"],"excluded_methods":[]}],"whizsolve.com":[{"pattern":"^https?:\\/\\/live\\.whizsolve\\.com\\/","group":"private","included_methods":[],"excluded_methods":[]}]},"package_version":114496807,"package_type":3,"channel":"_jsb_auth","channel_index":1,"overridden_methods":{"public":null,"protected":null,"private":null}},{"content":{"tiktokv.com":[{"pattern":"^https:\\/\\/webcast\\.tiktokv\\.com\\/","group":"private","included_methods":[],"excluded_methods":[]}]},"package_version":60836016,"package_type":3,"channel":"_jsb_auth.webcast","channel_index":2,"overridden_methods":{"public":[],"protected":[],"private":[]}}]},"universal_strategies":{}},"demotion":"","message":"success","status":0}